task 0,task 1,task 2,task 3,task 4
,,,,
0.41700000000000004,,,,
0.4525,0.20600000000000002,,,
0.5095000000000001,0.22300000000000003,0.04150000000000001,,
0.5830000000000001,0.2745,0.0325,0.051500000000000004,
